Workbook

Sheet Pesquisa
A1: Pesquisa
A2: Controle | B2: A20
A3: Vendedor | B3: =VLOOKUP(Pesquisa!$B$2,'Base de Dados'!$A$4:$J$23,MATCH(Pesquisa!A3,'Base de Dados'!$A$3:$J$3,0),0) -> André
A4: Origem | B4: =VLOOKUP(Pesquisa!$B$2,'Base de Dados'!$A$4:$J$23,MATCH(Pesquisa!A4,'Base de Dados'!$A$3:$J$3,0),0) -> Filial 01
A5: Cidade Destino | B5: =VLOOKUP(Pesquisa!$B$2,'Base de Dados'!$A$4:$J$23,MATCH(Pesquisa!A5,'Base de Dados'!$A$3:$J$3,0),0) -> Jandira
A6: Produto | B6: =VLOOKUP(Pesquisa!$B$2,'Base de Dados'!$A$4:$J$23,MATCH(Pesquisa!A6,'Base de Dados'!$A$3:$J$3,0),0) -> Fogão 6 Bocas
A7: Subtotal | B7: =VLOOKUP(Pesquisa!$B$2,'Base de Dados'!$A$4:$J$23,MATCH(Pesquisa!A7,'Base de Dados'!$A$3:$J$3,0),0) -> 3150
A8: Comissão em R$ | B8: =VLOOKUP(Pesquisa!$B$2,'Base de Dados'!$A$4:$J$23,MATCH(Pesquisa!A8,'Base de Dados'!$A$3:$J$3,0),0) -> 157.5
A9: Data | B9: =VLOOKUP(Pesquisa!$B$2,'Base de Dados'!$A$4:$J$23,MATCH(Pesquisa!A9,'Base de Dados'!$A$3:$J$3,0),0) -> 43229

Sheet Base de Dados
I1: % de Comissão | J1: 0.05
A3: Controle | B3: Origem | C3: Data | D3: Vendedor | E3: Produto | F3: Qtd. | G3: Preço Unitário | H3: Subtotal | I3: Cidade Destino | J3: Comissão em R$
A4: A1 | B4: Filial 01 | C4: 43228 | D4: Angela | E4: Geladeira Duplex | F4: 2 | G4: 2500 | H4: =PRODUCT(F4,G4) -> 5000 | I4: Jandira | J4: =PRODUCT($J$1,H4) -> 250
A5: A2 | B5: Filial 02 | C5: 43228 | D5: Rogério | E5: Fogão 6 Bocas | F5: 3 | G5: 1050 | H5: =PRODUCT(F5,G5) -> 3150 | I5: Itapevi | J5: =PRODUCT($J$1,H5) -> 157.5
A6: A3 | B6: Filial 03 | C6: 43228 | D6: Fernando | E6: Máquina de lavar | F6: 4 | G6: 1600 | H6: =PRODUCT(F6,G6) -> 6400 | I6: Jandira | J6: =PRODUCT($J$1,H6) -> 320
A7: A4 | B7: Filial 03 | C7: 43228 | D7: André | E7: Máquina de lavar | F7: 5 | G7: 1600 | H7: =PRODUCT(F7,G7) -> 8000 | I7: Itapevi | J7: =PRODUCT($J$1,H7) -> 400
A8: A5 | B8: Filial 03 | C8: 43228 | D8: Angela | E8: Geladeira Duplex | F8: 2 | G8: 2500 | H8: =PRODUCT(F8,G8) -> 5000 | I8: Itapevi | J8: =PRODUCT($J$1,H8) -> 250
A9: A6 | B9: Filial 01 | C9: 43228 | D9: Rogério | E9: Máquina de lavar | F9: 3 | G9: 1600 | H9: =PRODUCT(F9,G9) -> 4800 | I9: Itapevi | J9: =PRODUCT($J$1,H9) -> 240
A10: A7 | B10: Filial 02 | C10: 43228 | D10: Fernando | E10: Geladeira Duplex | F10: 4 | G10: 2500 | H10: =PRODUCT(F10,G10) -> 10000 | I10: Jandira | J10: =PRODUCT($J$1,H10) -> 500
A11: A8 | B11: Filial 03 | C11: 43228 | D11: André | E11: Fogão 6 Bocas | F11: 5 | G11: 1050 | H11: =PRODUCT(F11,G11) -> 5250 | I11: Itapevi | J11: =PRODUCT($J$1,H11) -> 262.5
A12: A9 | B12: Filial 01 | C12: 43228 | D12: Angela | E12: Fogão 6 Bocas | F12: 4 | G12: 1050 | H12: =PRODUCT(F12,G12) -> 4200 | I12: Jandira | J12: =PRODUCT($J$1,H12) -> 210
A13: A10 | B13: Filial 01 | C13: 43228 | D13: Rogério | E13: Máquina de lavar | F13: 3 | G13: 1600 | H13: =PRODUCT(F13,G13) -> 4800 | I13: Itapevi | J13: =PRODUCT($J$1,H13) -> 240
A14: A11 | B14: Filial 03 | C14: 43228 | D14: Fernando | E14: Geladeira Duplex | F14: 2 | G14: 2500 | H14: =PRODUCT(F14,G14) -> 5000 | I14: Jandira | J14: =PRODUCT($J$1,H14) -> 250
A15: A12 | B15: Filial 01 | C15: 43229 | D15: André | E15: Máquina de lavar | F15: 1 | G15: 1600 | H15: =PRODUCT(F15,G15) -> 1600 | I15: Jandira | J15: =PRODUCT($J$1,H15) -> 80
... A23: A20 | B23: Filial 01 | C23: 43229 | D23: André | E23: Fogão 6 Bocas | F23: 3 | G23: 1050 | H23: =PRODUCT(F23,G23) -> 3150 | I23: Jandira | J23: =PRODUCT($J$1,H23) -> 157.5
